,U,C,A,G
U,422153,398250,298518,279729
C,535439,444041,394074,301384
A,165150,289799,23403,40148
G,329668,103815,19126,306619
U,329757,450637,260637,114854
C,495018,446868,375626,229758
A,198032,423707,293318,161412
G,969515,151521,836320,250836
U,377698,335039,382284,311331
C,552184,465115,499149,483013
A,180467,391437,537723,297135
G,559953,138180,825270,299472
U,262535,491093,515049,280522
C,377902,637878,638504,520069
A,182733,388723,661498,411344
G,696158,157124,965963,372099
